{
  "vulnerableAssets": {
    "overall": 100,
    "trend": -0.07984241878015719,
    "volatility": 7.591559045910932,
    "stability": 92.40844095408907,
    "predictability": 92.40844095408907
  },
  "potentiallyVulnerableAssets": {
    "overall": 100,
    "trend": -0.35562360853696984,
    "volatility": 1.539662830120406,
    "stability": 98.4603371698796,
    "predictability": 98.4603371698796
  },
  "notVulnerableAssets": {
    "overall": 100,
    "trend": 0.8912137429888304,
    "volatility": 1.9532471242975364,
    "stability": 98.04675287570247,
    "predictability": 98.04675287570247
  },
  "timestamp": "2026-04-15T11:07:23.324Z"
}