{"vulnerableAssets":{"overall":100,"trend":-2.938604579747698,"volatility":10.52858393465646,"stability":89.47141606534353,"predictability":89.47141606534353},"potentiallyVulnerableAssets":{"overall":100,"trend":-0.04270896038573238,"volatility":3.637304625570136,"stability":96.36269537442986,"predictability":96.36269537442986},"notVulnerableAssets":{"overall":100,"trend":-0.29155171334444063,"volatility":0.9733492625158559,"stability":99.02665073748415,"predictability":99.02665073748415},"timestamp":"2025-11-28T05:03:41.638Z"}